timestamp,latitude,longitude
2025-04-22T05:21:10.100Z,12.9354,77.5361
2025-04-22T05:22:02.332Z,12.9352,77.5359
2025-04-22T05:23:00.415Z,12.9355,77.5362
2025-04-22T05:24:12.601Z,12.9351,77.5358
2025-04-22T05:25:05.322Z,12.9356,77.5363
2025-04-22T05:26:15.148Z,12.9350,77.5357
2025-04-22T05:27:09.873Z,12.9354,77.5360
2025-04-22T05:28:11.920Z,12.9353,77.5364
2025-04-22T05:29:19.104Z,12.9352,77.5361
2025-04-22T05:30:07.788Z,12.9355,77.5359
2025-04-22T05:31:12.199Z,12.9353,77.5363
2025-04-22T05:32:09.744Z,12.9352,77.5360
2025-04-22T05:33:17.555Z,12.9351,77.5358
2025-04-22T05:34:10.832Z,12.9354,77.5362
2025-04-22T05:35:21.103Z,12.9356,77.5364
2025-04-22T05:36:17.620Z,12.9350,77.5359
2025-04-22T05:37:05.702Z,12.9355,77.5360
2025-04-22T05:38:09.808Z,12.9352,77.5363
2025-04-22T05:39:00.200Z,12.9353,77.5361
2025-04-22T05:40:11.394Z,12.9354,77.5362
2025-04-22T05:41:15.928Z,12.9351,77.5357
2025-04-22T05:42:09.203Z,12.9356,77.5363
2025-04-22T05:43:12.540Z,12.9353,77.5360
2025-04-22T05:44:08.620Z,12.9350,77.5362
2025-04-22T05:45:16.401Z,12.9355,77.5359
2025-04-22T05:46:03.837Z,12.9352,77.5364
2025-04-22T05:47:14.942Z,12.9354,77.5358
2025-04-22T05:48:19.187Z,12.9353,77.5361
2025-04-22T05:49:15.010Z,12.9351,77.5363
2025-04-22T05:50:02.911Z,12.9356,77.5362
2025-04-22T05:51:18.444Z,12.9350,77.5357
2025-04-22T05:52:07.209Z,12.9355,77.5360
2025-04-22T05:53:14.510Z,12.9352,77.5359
2025-04-22T05:54:11.630Z,12.9353,77.5364
2025-04-22T05:55:05.087Z,12.9354,77.5361
2025-04-22T07:49:42.273Z,12.9353,77.536
2025-04-22T07:51:07.118Z,12.9353,77.536
2025-04-22T09:08:11.508Z,12.9353,77.536
2025-04-22T09:08:52.406Z,12.9353,77.536
2025-04-22T09:11:41.522Z,12.9353,77.536
2025-04-22T09:12:11.622Z,12.9353,77.536
2025-04-22T09:14:36.788Z,12.9353,77.536
2025-04-22T09:18:07.545Z,12.9353,77.536
2025-04-22T09:18:42.046Z,12.9353,77.536
2025-04-22T09:25:56.929Z,12.9353,77.536
2025-04-22T10:23:43.167Z,12.9353,77.536
2025-04-22T10:30:43.833Z,12.9353,77.536
2025-04-22T10:31:52.447Z,12.9353,77.536
2025-04-22T10:37:17.778Z,12.9353,77.536
2025-04-22T10:40:21.342Z,12.9353,77.536
